1,/wiki/Carbon_footprint,https://en.wikipedia.org/wiki/Carbon_footprint,none
2,/wiki/Carbon_footprint,https://en.wikipedia.org/wiki/Life-cycle_greenhouse-gas_emissions_of_energy_sources,Life-cycle greenhouse-gas emissions of energy sources
2,/wiki/Carbon_footprint,https://en.wikipedia.org/wiki/Chief_green_officer,Chief green officer
2,/wiki/Carbon_footprint,https://en.wikipedia.org/wiki/Greenhouse_debt,Greenhouse debt
2,/wiki/Carbon_footprint,https://en.wikipedia.org/wiki/Greenhouse_gas_emissions_accounting,Greenhouse gas emissions accounting
2,/wiki/Carbon_footprint,https://en.wikipedia.org/wiki/Green_conventions,Green conventions
2,/wiki/Carbon_footprint,https://en.wikipedia.org/wiki/Greenhouse_gas_inventory,Greenhouse gas inventory
2,/wiki/Carbon_footprint,https://en.wikipedia.org/wiki/List_of_countries_by_greenhouse_gas_emissions_per_capita,List of countries by greenhouse gas emissions per capita
2,/wiki/Carbon_footprint,https://en.wikipedia.org/wiki/Green_marketing,Green marketing
2,/wiki/Carbon_footprint,https://en.wikipedia.org/wiki/Greenhouse_effect,Greenhouse effect
2,/wiki/Carbon_footprint,https://en.wikipedia.org/wiki/Greenhouse_gas,Greenhouse gases
2,/wiki/Carbon_footprint,https://en.wikipedia.org/wiki/Green_belt,Loss of green belts
2,/wiki/Carbon_footprint,https://en.wikipedia.org/wiki/Green_Revolution,Green Revolution
3,/wiki/Life-cycle_greenhouse-gas_emissions_of_energy_sources,https://en.wikipedia.org/wiki/Greenfield_status,greenfield status
3,/wiki/Green_conventions,https://en.wikipedia.org/wiki/Green_building,green building
3,/wiki/Greenhouse_gas_inventory,https://en.wikipedia.org/wiki/Greenhouse_gas_accounting,Greenhouse gas accounting
3,/wiki/Greenhouse_gas_inventory,https://en.wikipedia.org/wiki/Greenhouse_gas_monitoring,Greenhouse gas monitoring
3,/wiki/Greenhouse_gas_inventory,https://en.wikipedia.org/wiki/Greenhouse_Gases_Observing_Satellite,Greenhouse Gases Observing Satellite
3,/wiki/List_of_countries_by_greenhouse_gas_emissions_per_capita,https://en.wikipedia.org/wiki/List_of_countries_by_greenhouse_gas_emissions,List of countries by greenhouse gas emissions
3,/wiki/Green_marketing,https://en.wikipedia.org/wiki/Greenhouse,greenhouse
3,/wiki/Green_marketing,https://en.wikipedia.org/wiki/Greenwashing,Greenwashing
3,/wiki/Green_marketing,https://en.wikipedia.org/wiki/Green_politics,Green politics
3,/wiki/Greenhouse_effect,https://en.wikipedia.org/wiki/Idealized_greenhouse_model,idealized greenhouse model
3,/wiki/Greenhouse_effect,https://en.wikipedia.org/wiki/Runaway_greenhouse_effect,runaway greenhouse effect
3,/wiki/Greenhouse_gas,https://en.wikipedia.org/wiki/IPCC_list_of_greenhouse_gases,IPCC list of greenhouse gases
3,/wiki/Greenhouse_gas,https://en.wikipedia.org/wiki/Physical_properties_of_greenhouse_gases,Physical properties of greenhouse gases
3,/wiki/Green_belt,https://en.wikipedia.org/wiki/Greenbelt|_Maryland,Greenbelt| Maryland
3,/wiki/Green_belt,https://en.wikipedia.org/wiki/Greenbelt_(Ottawa),Ottawa Greenbelt
3,/wiki/Green_belt,https://en.wikipedia.org/wiki/Green_belt_(United_Kingdom),Green belts in England
3,/wiki/Green_belt,https://en.wikipedia.org/wiki/Greenway_(landscape),greenways
3,/wiki/Green_belt,https://en.wikipedia.org/wiki/Greenbelt_(Golden_Horseshoe),Golden Horseshoe Greenbelt
3,/wiki/Green_belt,https://en.wikipedia.org/wiki/Santo_Domingo_Greenbelt,Santo Domingo Greenbelt
3,/wiki/Green_belt,https://en.wikipedia.org/wiki/European_Green_Belt,European Green Belt
3,/wiki/Green_belt,https://en.wikipedia.org/wiki/German_Green_Belt,German Green Belt
3,/wiki/Green_belt,https://en.wikipedia.org/wiki/Metropolitan_Green_Belt,Metropolitan Green Belt
3,/wiki/Green_belt,https://en.wikipedia.org/wiki/North_West_Green_Belt,North West Green Belt
3,/wiki/Green_belt,https://en.wikipedia.org/wiki/South_and_West_Yorkshire_Green_Belt,South and West Yorkshire Green Belt
3,/wiki/Green_belt,https://en.wikipedia.org/wiki/West_Midlands_Green_Belt,West Midlands Green Belt
3,/wiki/Green_belt,https://en.wikipedia.org/wiki/Greenhills|_Ohio,Greenhills| Ohio
3,/wiki/Green_belt,https://en.wikipedia.org/wiki/Greendale|_Wisconsin,Greendale| Wisconsin
3,/wiki/Green_belt,https://en.wikipedia.org/wiki/Greenbelt_Alliance,Greenbelt Alliance
3,/wiki/Green_belt,https://en.wikipedia.org/wiki/Staten_Island_Greenbelt,Staten Island Greenbelt
3,/wiki/Green_belt,https://en.wikipedia.org/wiki/Barton_Creek_Greenbelt,Barton Creek Greenbelt
3,/wiki/Green_Revolution,https://en.wikipedia.org/wiki/Green_Revolution_in_India,Green Revolution in India
3,/wiki/Green_Revolution,https://en.wikipedia.org/wiki/Greenpeace,Greenpeace
3,/wiki/Green_Revolution,https://en.wikipedia.org/wiki/Second_Green_Revolution,Second Green Revolution
4,/wiki/Greenfield_status,https://en.wikipedia.org/wiki/Greenfield_land,Greenfield land
4,/wiki/Green_building,https://en.wikipedia.org/wiki/Green_Building_(MIT),Green Building (MIT)
4,/wiki/Green_building,https://en.wikipedia.org/wiki/The_Green_Building_(Louisville|_Kentucky),The Green Building (Louisville| Kentucky)
4,/wiki/Green_building,https://en.wikipedia.org/wiki/Green_vehicle,Green vehicle
4,/wiki/Green_building,https://en.wikipedia.org/wiki/U.S._Green_Building_Council,U.S. Green Building Council
4,/wiki/Green_building,https://en.wikipedia.org/wiki/World_Green_Building_Council,World Green Building Council
4,/wiki/Green_building,https://en.wikipedia.org/wiki/Green_roof,green roofs
4,/wiki/Green_building,https://en.wikipedia.org/wiki/International_Green_Construction_Code,International Green Construction Code (IGCC)
4,/wiki/Green_building,https://en.wikipedia.org/wiki/National_Green_Building_Standard,National Green Building Standard
4,/wiki/Green_building,https://en.wikipedia.org/wiki/Green_building_in_Germany,Green building in Germany
4,/wiki/Green_building,https://en.wikipedia.org/wiki/Green_building_in_Israel,Green building in Israel
4,/wiki/Green_building,https://en.wikipedia.org/wiki/Green_building_in_South_Africa,Green building in South Africa
4,/wiki/Green_building,https://en.wikipedia.org/wiki/Green_building_in_the_United_Kingdom,Green building in the United Kingdom
4,/wiki/Green_building,https://en.wikipedia.org/wiki/Green_building_in_India,Green building in India
4,/wiki/Green_building,https://en.wikipedia.org/wiki/Green_building_in_the_United_States,Green building in the United States
4,/wiki/Green_building,https://en.wikipedia.org/wiki/Green_Building_Council,Green Building Council
4,/wiki/Green_building,https://en.wikipedia.org/wiki/Green_library,Green library
4,/wiki/Green_building,https://en.wikipedia.org/wiki/Glass_in_green_buildings,Glass in green buildings
4,/wiki/Green_building,https://en.wikipedia.org/wiki/Tropical_green_building,Tropical green building
4,/wiki/Green_building,https://en.wikipedia.org/wiki/Green_computing,Green computing
4,/wiki/Greenhouse,https://en.wikipedia.org/wiki/Royal_Greenhouses_of_Laeken,Royal Greenhouses of Laeken
4,/wiki/Greenhouse,https://en.wikipedia.org/wiki/Seawater_greenhouse,Seawater greenhouse
4,/wiki/Greenhouse,https://en.wikipedia.org/wiki/Green_wall,Green wall
4,/wiki/Greenwashing,https://en.wikipedia.org/wiki/Green_PR,green PR
4,/wiki/Greenwashing,https://en.wikipedia.org/wiki/Green_brands,Green brands
4,/wiki/Greenwashing,https://en.wikipedia.org/wiki/Green_company,Green company
4,/wiki/Greenwashing,https://en.wikipedia.org/wiki/Green_criminology,Green criminology
4,/wiki/Green_politics,https://en.wikipedia.org/wiki/Green_party,Green party
4,/wiki/Green_politics,https://en.wikipedia.org/wiki/Bright_green_environmentalism,Bright green environmentalism
4,/wiki/Green_politics,https://en.wikipedia.org/wiki/Green_anarchism,Green anarchism
4,/wiki/Green_politics,https://en.wikipedia.org/wiki/Green_conservatism,Green conservatism
4,/wiki/Green_politics,https://en.wikipedia.org/wiki/Green_left,Green left
4,/wiki/Green_politics,https://en.wikipedia.org/wiki/Green_liberalism,Green liberalism
4,/wiki/Green_politics,https://en.wikipedia.org/wiki/Green_libertarianism,Green libertarianism
4,/wiki/Green_politics,https://en.wikipedia.org/wiki/Green_Zionism,Green Zionism
4,/wiki/Green_politics,https://en.wikipedia.org/wiki/Asia_Pacific_Greens_Federation,Asia Pacific Greens Federation
4,/wiki/Green_politics,https://en.wikipedia.org/wiki/European_Green_Party,European Green Party
4,/wiki/Green_politics,https://en.wikipedia.org/wiki/Federation_of_Green_Parties_of_Africa,Federation of Green Parties of Africa
4,/wiki/Green_politics,https://en.wikipedia.org/wiki/Federation_of_the_Green_Parties_of_the_Americas,Federation of the Green Parties of the Americas
4,/wiki/Green_politics,https://en.wikipedia.org/wiki/Federation_of_Young_European_Greens,Federation of Young European Greens
4,/wiki/Green_politics,https://en.wikipedia.org/wiki/Global_Greens,Global Greens
4,/wiki/Green_politics,https://en.wikipedia.org/wiki/Global_Young_Greens,Global Young Greens
4,/wiki/Green_politics,https://en.wikipedia.org/wiki/Iranian_Green_Movement,Iranian Green Movement
4,/wiki/Green_politics,https://en.wikipedia.org/wiki/Green_ban,green ban
4,/wiki/Green_politics,https://en.wikipedia.org/wiki/Green_Party_of_Canada,Green Party of Canada
4,/wiki/Green_politics,https://en.wikipedia.org/wiki/Green_Party_of_Ontario,Ontario Greens
4,/wiki/Green_politics,https://en.wikipedia.org/wiki/Green_Party_of_British_Columbia,British Columbia Greens
4,/wiki/Green_politics,https://en.wikipedia.org/wiki/Green_League,Green League
4,/wiki/Green_politics,https://en.wikipedia.org/wiki/Union_of_Greens_and_Farmers,Union of Greens and Farmers
4,/wiki/Green_politics,https://en.wikipedia.org/wiki/Global_Greens_Charter,Global Greens Charter
4,/wiki/Green_politics,https://en.wikipedia.org/wiki/Green_Party_(Ireland),Irish Green Party
4,/wiki/Green_politics,https://en.wikipedia.org/wiki/Australian_Greens,Australian Greens
4,/wiki/Green_politics,https://en.wikipedia.org/wiki/Outline_of_green_politics,Outline of green politics
4,/wiki/Green_politics,https://en.wikipedia.org/wiki/Greens_of_Burkina,Greens of Burkina
4,/wiki/Green_politics,https://en.wikipedia.org/wiki/Somalia_Green_Party,Green Party
4,/wiki/Green_politics,https://en.wikipedia.org/wiki/Green_Party_of_South_Africa,Green Party
4,/wiki/Green_politics,https://en.wikipedia.org/wiki/Uganda_Green_Party,Green Party
4,/wiki/Green_politics,https://en.wikipedia.org/wiki/Partido_Verde_Eto-Ecologista,Green
4,/wiki/Green_politics,https://en.wikipedia.org/wiki/Green_Movement_(Israel),The Green Movement
4,/wiki/Green_politics,https://en.wikipedia.org/wiki/The_Greens_(Israel),The Greens
4,/wiki/Green_politics,https://en.wikipedia.org/wiki/Mongolian_Green_Party,Green Party
4,/wiki/Green_politics,https://en.wikipedia.org/wiki/Green_Party_of_Bulgaria,Green Party
4,/wiki/Green_politics,https://en.wikipedia.org/wiki/The_Greens_(Bulgaria),The Greens
4,/wiki/Green_politics,https://en.wikipedia.org/wiki/Green_Party_(Czech_Republic),Green Party
4,/wiki/Green_politics,https://en.wikipedia.org/wiki/The_Greens_(Denmark),The Greens
4,/wiki/Green_politics,https://en.wikipedia.org/wiki/Europe_Ecology_%E2%80%93_The_Greens,Europe Ecology – The Greens
4,/wiki/Green_politics,https://en.wikipedia.org/wiki/Alliance_90/The_Greens,Alliance 90/The Greens
4,/wiki/Green_politics,https://en.wikipedia.org/wiki/Ecologist_Greens,Ecologist Greens
4,/wiki/Green_politics,https://en.wikipedia.org/wiki/Greens_(Greece),Greens
4,/wiki/Green_politics,https://en.wikipedia.org/wiki/Federation_of_the_Greens,Federation of the Greens
4,/wiki/Green_politics,https://en.wikipedia.org/wiki/Green_Italy,Green Italy
4,/wiki/Green_politics,https://en.wikipedia.org/wiki/Lithuanian_Green_Party,Green Party
4,/wiki/Green_politics,https://en.wikipedia.org/wiki/Lithuanian_Farmers_and_Greens_Union,Lithuanian Farmers and Greens Union
4,/wiki/Green_politics,https://en.wikipedia.org/wiki/The_Greens_(Netherlands),The Greens
4,/wiki/Green_politics,https://en.wikipedia.org/wiki/Ecologist_Party_%22The_Greens%22,The Greens
4,/wiki/Green_politics,https://en.wikipedia.org/wiki/Green_Party_(Romania),Green Party
4,/wiki/Green_politics,https://en.wikipedia.org/wiki/Civil_United_Green_Alternative,Civil United Green Alternative
4,/wiki/Green_politics,https://en.wikipedia.org/wiki/Russian_Ecological_Party_%22The_Greens%22,Ecological Party "The Greens"
4,/wiki/Green_politics,https://en.wikipedia.org/wiki/Union_of_Greens_of_Russia,Union of Greens
4,/wiki/Green_politics,https://en.wikipedia.org/wiki/Green_Party_(Serbia),Green Party
4,/wiki/Green_politics,https://en.wikipedia.org/wiki/Greens_of_Serbia,Greens of Serbia
4,/wiki/Green_politics,https://en.wikipedia.org/wiki/Initiative_for_Catalonia_Greens,Catalonia Greens
4,/wiki/Green_politics,https://en.wikipedia.org/wiki/Confederation_of_the_Greens,Confederation of the Greens
4,/wiki/Runaway_greenhouse_effect,https://en.wikipedia.org/wiki/Greenhouse_and_icehouse_Earth,Greenhouse and icehouse Earth
4,/wiki/Greenbelt,_Maryland,https://en.wikipedia.org/wiki/Greenbelt_Historic_District,Greenbelt Historic  District
4,/wiki/Greenbelt,_Maryland,https://en.wikipedia.org/wiki/Greenbelt_Park,Greenbelt Park
4,/wiki/Greenbelt,_Maryland,https://en.wikipedia.org/wiki/Greenbelt_station,Greenbelt Metro Station
4,/wiki/Greenbelt,_Maryland,https://en.wikipedia.org/wiki/Green_Line_(Washington_Metro),Green Line
4,/wiki/Greenbelt,_Maryland,https://en.wikipedia.org/wiki/Old_Greenbelt_Theatre,Old Greenbelt Theatre
4,/wiki/Greenbelt,_Maryland,https://en.wikipedia.org/wiki/Greenbelt_News_Review,Greenbelt News Review
4,/wiki/Greenbelt,_Maryland,https://en.wikipedia.org/wiki/Greenbelt_Homes|_Inc.,Greenbelt Homes Incorporated
4,/wiki/Greenbelt,_Maryland,https://en.wikipedia.org/wiki/Greenbelt_Arts_Center,Greenbelt Arts Center
4,/wiki/Greenbelt,_Maryland,https://en.wikipedia.org/wiki/Greenbelt_15K,Greenbelt 15K
4,/wiki/Greenbelt,_Maryland,https://en.wikipedia.org/wiki/Greenbelt_Police_Department_(Maryland),Greenbelt Police Department
4,/wiki/Greenbelt,_Maryland,https://en.wikipedia.org/wiki/Green_Meadows|_Maryland,Green Meadows
4,/wiki/Greenbelt,_Maryland,https://en.wikipedia.org/wiki/Green_Haven|_Maryland,Green Haven
4,/wiki/Greenbelt_(Ottawa),https://en.wikipedia.org/wiki/Green%27s_Creek_(Ontario),Green's Creek
4,/wiki/Greenbelt_(Ottawa),https://en.wikipedia.org/wiki/Green_Island_(Rideau_River),Green Island (Rideau River)
4,/wiki/Green_belt_(United_Kingdom),https://en.wikipedia.org/wiki/South_West_Hampshire/South_East_Dorset_Green_Belt,South West Hampshire/South East Dorset Green Belt
4,/wiki/Green_belt_(United_Kingdom),https://en.wikipedia.org/wiki/Avon_Green_Belt,Avon Green Belt
4,/wiki/Green_belt_(United_Kingdom),https://en.wikipedia.org/wiki/Burton_upon_Trent_and_Swadlincote_Green_Belt,Burton upon Trent and Swadlincote Green Belt
4,/wiki/Green_belt_(United_Kingdom),https://en.wikipedia.org/wiki/Cambridge_Green_Belt,Cambridge Green Belt
4,/wiki/Green_belt_(United_Kingdom),https://en.wikipedia.org/wiki/Nottingham_and_Derby_Green_Belt,Nottingham and Derby Green Belt
4,/wiki/Green_belt_(United_Kingdom),https://en.wikipedia.org/wiki/Gloucester_and_Cheltenham_Green_Belt,Gloucester and Cheltenham Green Belt
4,/wiki/Green_belt_(United_Kingdom),https://en.wikipedia.org/wiki/North_East_Green_Belt,North East Green Belt
4,/wiki/Green_belt_(United_Kingdom),https://en.wikipedia.org/wiki/Oxford_Green_Belt,Oxford Green Belt
4,/wiki/Green_belt_(United_Kingdom),https://en.wikipedia.org/wiki/Stoke-on-Trent_Green_Belt,Stoke-on-Trent Green Belt
4,/wiki/Green_belt_(United_Kingdom),https://en.wikipedia.org/wiki/York_Green_Belt,York Green Belt
4,/wiki/Greenway_(landscape),https://en.wikipedia.org/wiki/Monadnock-Sunapee_Greenway,Monadnock-Sunapee Greenway
4,/wiki/Greenway_(landscape),https://en.wikipedia.org/wiki/Green_lane_(road),green lanes
4,/wiki/Greenway_(landscape),https://en.wikipedia.org/wiki/European_Greenways_Association,European Greenways Association
4,/wiki/Greenway_(landscape),https://en.wikipedia.org/wiki/East_River_Greenway,East River Greenway
4,/wiki/Greenway_(landscape),https://en.wikipedia.org/wiki/Manhattan_Waterfront_Greenway,Manhattan Waterfront Greenway
4,/wiki/Greenway_(landscape),https://en.wikipedia.org/wiki/Anne_Springs_Close_Greenway,Anne Springs Close Greenway
4,/wiki/Greenway_(landscape),https://en.wikipedia.org/wiki/Boise_greenbelt,Boise River Greenbelt
4,/wiki/Greenway_(landscape),https://en.wikipedia.org/wiki/Capital_Area_Greenbelt,Capital Area Greenbelt
4,/wiki/Greenway_(landscape),https://en.wikipedia.org/wiki/Capital_Area_Greenway,Capital Area Greenway
4,/wiki/Greenway_(landscape),https://en.wikipedia.org/wiki/Cardinal_Greenway,Cardinal Greenway
4,/wiki/Greenway_(landscape),https://en.wikipedia.org/wiki/East_Coast_Greenway,East Coast Greenway
4,/wiki/Greenway_(landscape),https://en.wikipedia.org/wiki/Greater_Grand_Forks_Greenway,Greater Grand Forks Greenway
4,/wiki/Greenway_(landscape),https://en.wikipedia.org/wiki/Lafitte_Greenway,Lafitte Greenway
4,/wiki/Greenway_(landscape),https://en.wikipedia.org/wiki/Little_Sugar_Creek_Greenway,Little Sugar Creek Greenway
4,/wiki/Greenway_(landscape),https://en.wikipedia.org/wiki/Maryville_Alcoa_Greenway,Maryville Alcoa Greenway
4,/wiki/Greenway_(landscape),https://en.wikipedia.org/wiki/Midtown_Greenway,Midtown Greenway
4,/wiki/Greenway_(landscape),https://en.wikipedia.org/wiki/MillionMile_Greenway,MillionMile Greenway
4,/wiki/Greenway_(landscape),https://en.wikipedia.org/wiki/Mountains_to_Sound_Greenway,Mountains to Sound Greenway
4,/wiki/Greenway_(landscape),https://en.wikipedia.org/wiki/Niagara_River_Greenway_Plan,Niagara River Greenway Plan
4,/wiki/Greenway_(landscape),https://en.wikipedia.org/wiki/Ohlone_Greenway,Ohlone Greenway
4,/wiki/Greenway_(landscape),https://en.wikipedia.org/wiki/Rachel_Carson_Greenway,Rachel Carson Greenway
4,/wiki/Greenway_(landscape),https://en.wikipedia.org/wiki/Vancouver_Greenway_Network,Vancouver Greenway Network
4,/wiki/Greenway_(landscape),https://en.wikipedia.org/wiki/Central_Valley_Greenway,Central Valley Greenway
4,/wiki/Greenway_(landscape),https://en.wikipedia.org/wiki/Chrysler_Canada_Greenway,Chrysler Canada Greenway
4,/wiki/Greenway_(landscape),https://en.wikipedia.org/wiki/Ayot_Greenway,Ayot Greenway
4,/wiki/Greenway_(landscape),https://en.wikipedia.org/wiki/Cole_Green_Way,Cole Green Way
4,/wiki/Greenway_(landscape),https://en.wikipedia.org/wiki/South_East_London_Green_Chain,South East London Green Chain
4,/wiki/Greenway_(landscape),https://en.wikipedia.org/wiki/GD_Greenway,Guangdong Greenway
4,/wiki/Greenhills,_Ohio,https://en.wikipedia.org/wiki/Green_Township|_Hamilton_County|_Ohio,Green
4,/wiki/Greendale,_Wisconsin,https://en.wikipedia.org/wiki/Greendale_Historic_District,Greendale Historic District
4,/wiki/Greendale,_Wisconsin,https://en.wikipedia.org/wiki/Greendale_High_School,Greendale High School
4,/wiki/Greendale,_Wisconsin,https://en.wikipedia.org/wiki/Greenfield|_Wisconsin,Greenfield
4,/wiki/Staten_Island_Greenbelt,https://en.wikipedia.org/wiki/Green_sunfish,green sunfish
4,/wiki/Staten_Island_Greenbelt,https://en.wikipedia.org/wiki/Bowling_Green_(New_York_City),Bowling Green
4,/wiki/Staten_Island_Greenbelt,https://en.wikipedia.org/wiki/Greenacre_Park,Greenacre Park
4,/wiki/Staten_Island_Greenbelt,https://en.wikipedia.org/wiki/Brooklyn%E2%80%93Queens_Greenway,Brooklyn–Queens Greenway
4,/wiki/Staten_Island_Greenbelt,https://en.wikipedia.org/wiki/Fort_Greene_Park,Fort Greene
4,/wiki/Greenpeace,https://en.wikipedia.org/wiki/Amchitka_(album),Amchitka| the 1970 concert that launched Greenpeace
4,/wiki/Greenpeace,https://en.wikipedia.org/wiki/London_Greenpeace,London Greenpeace
4,/wiki/Greenpeace,https://en.wikipedia.org/wiki/Greenpeace_Foundation,Greenpeace Foundation
4,/wiki/Greenpeace,https://en.wikipedia.org/wiki/MV_Greenpeace,MV Greenpeace
4,/wiki/Greenpeace,https://en.wikipedia.org/wiki/Criticism_of_Greenpeace,Criticism of Greenpeace
4,/wiki/Greenpeace,https://en.wikipedia.org/wiki/Greenpeace_Aotearoa_New_Zealand,Greenpeace Aotearoa New Zealand
4,/wiki/Greenpeace,https://en.wikipedia.org/wiki/Greenpeace_Australia_Pacific,Greenpeace Australia Pacific
4,/wiki/Greenpeace,https://en.wikipedia.org/wiki/Greenpeace_East_Asia,Greenpeace East Asia
4,/wiki/Greenpeace,https://en.wikipedia.org/wiki/Greenpeace_Nordic,Greenpeace Nordic
4,/wiki/Greenpeace,https://en.wikipedia.org/wiki/Greenpeace_Southeast_Asia,Greenpeace Southeast Asia
4,/wiki/Greenpeace,https://en.wikipedia.org/wiki/Greenpeace_USA,Greenpeace USA
4,/wiki/Greenpeace,https://en.wikipedia.org/wiki/Greenpeace_%E2%80%93_The_Album,Greenpeace – The Album
4,/wiki/Greenpeace,https://en.wikipedia.org/wiki/Jim_Green_(activist),Jim Green
5,/wiki/Green_Building_(MIT),https://en.wikipedia.org/wiki/Cecil_Howard_Green,Cecil Howard Green
5,/wiki/Green_Building_(MIT),https://en.wikipedia.org/wiki/Alan_Greenspan,Alan Greenspan
5,/wiki/Green_vehicle,https://en.wikipedia.org/wiki/Environmental_technology,green technology
5,/wiki/Green_vehicle,https://en.wikipedia.org/wiki/Green_Car_Journal,Green Car Journal
5,/wiki/Green_vehicle,https://en.wikipedia.org/wiki/Green_Car_of_the_Year,Green Car of the Year
5,/wiki/Green_vehicle,https://en.wikipedia.org/wiki/Green_Car_Vision_Award,Green Car Vision Award
5,/wiki/U.S._Green_Building_Council,https://en.wikipedia.org/wiki/Green_Business_Certification_Inc.,Green Business Certification Inc.
5,/wiki/U.S._Green_Building_Council,https://en.wikipedia.org/wiki/Leadership_in_Energy_and_Environmental_Design,LEED Green Building Rating System
5,/wiki/U.S._Green_Building_Council,https://en.wikipedia.org/wiki/Canada_Green_Building_Council,Canada Green Building Council
5,/wiki/U.S._Green_Building_Council,https://en.wikipedia.org/wiki/UK_Green_Building_Council,UK Green Building Council
5,/wiki/U.S._Green_Building_Council,https://en.wikipedia.org/wiki/Philippine_Green_Building_Council,Philippine Green Building Council
5,/wiki/Green_roof,https://en.wikipedia.org/wiki/Green_Building_Council_of_Australia,Green Building Council of Australia
5,/wiki/Green_roof,https://en.wikipedia.org/wiki/Steven_W._Peck,Green Roofs for Healthy Cities
5,/wiki/Green_building_in_the_United_States,https://en.wikipedia.org/wiki/Green_Building_Initiative,Green Building Initiative
5,/wiki/Green_building_in_the_United_States,https://en.wikipedia.org/wiki/Global_Green_USA,Global Green USA
5,/wiki/Green_Building_Council,https://en.wikipedia.org/wiki/Jordan_Green_Building_Council,Jordan Green Building Council
5,/wiki/Green_computing,https://en.wikipedia.org/wiki/Green_chemistry,green chemistry
5,/wiki/Green_computing,https://en.wikipedia.org/wiki/Green_Electronics_Council,Green Electronics Council
5,/wiki/Green_computing,https://en.wikipedia.org/wiki/The_Green_Grid,The Green Grid
5,/wiki/Green_computing,https://en.wikipedia.org/wiki/Green_Comm_Challenge,Green Comm Challenge
5,/wiki/Green_computing,https://en.wikipedia.org/wiki/Green_information_system,Green information system
5,/wiki/Green_wall,https://en.wikipedia.org/wiki/The_Green_Wall,The Green Wall
5,/wiki/Green_PR,https://en.wikipedia.org/wiki/Environmentalism,green movement
5,/wiki/Green_party,https://en.wikipedia.org/wiki/List_of_green_political_parties,List of green political parties
5,/wiki/Green_party,https://en.wikipedia.org/wiki/Green_Party_(UK),Green Party
5,/wiki/Green_party,https://en.wikipedia.org/wiki/Green_Party_of_Alaska,Green Party of Alaska
5,/wiki/Green_party,https://en.wikipedia.org/wiki/Green_Confederation,Green Confederation
5,/wiki/Green_party,https://en.wikipedia.org/wiki/Green_Party_of_Fiji,Green Party in Fiji
5,/wiki/Green_party,https://en.wikipedia.org/wiki/Green_Party_of_Pakistan,Green Party of Pakistan
5,/wiki/Green_party,https://en.wikipedia.org/wiki/Green_Party_of_Lebanon,Green Party of Lebanon
5,/wiki/Green_party,https://en.wikipedia.org/wiki/Latvian_Green_Party,Latvian Green Party
5,/wiki/Green_party,https://en.wikipedia.org/wiki/Green_Party_of_England_and_Wales,the Green Party of England and Wales
5,/wiki/Green_party,https://en.wikipedia.org/wiki/Green_Party_of_Switzerland,Swiss Green Party
5,/wiki/Green_party,https://en.wikipedia.org/wiki/The_Greens_(France),French Greens
5,/wiki/Green_party,https://en.wikipedia.org/wiki/Nordic_Green_Left_Alliance,Nordic Green Left Alliance
5,/wiki/Green_party,https://en.wikipedia.org/wiki/Estonian_Greens,Estonian Greens
5,/wiki/Green_party,https://en.wikipedia.org/wiki/Scottish_Green_Party,Scottish Green Party
5,/wiki/Green_party,https://en.wikipedia.org/wiki/Green_Party_in_Northern_Ireland,Green Party in Northern Ireland
5,/wiki/Green_party,https://en.wikipedia.org/wiki/Green_Party_of_the_United_States,Green Party of the United States
5,/wiki/Green_party,https://en.wikipedia.org/wiki/List_of_Green_party_leaders_in_Canada,List of Green party leaders in Canada
5,/wiki/Green_party,https://en.wikipedia.org/wiki/Oxygen_Green_Party,Oxygen Green Party
5,/wiki/Green_party,https://en.wikipedia.org/wiki/Green,Green
5,/wiki/Green_anarchism,https://en.wikipedia.org/wiki/Green_Anarchy,Green Anarchy
5,/wiki/Green_anarchism,https://en.wikipedia.org/wiki/Green_Anarchist,Green Anarchist
5,/wiki/Green_anarchism,https://en.wikipedia.org/wiki/Green_Scare,Green Scare
5,/wiki/Green_conservatism,https://en.wikipedia.org/wiki/Green_Party_(Brazil),Green Party
5,/wiki/Green_conservatism,https://en.wikipedia.org/wiki/Ecologist_Green_Party_of_Mexico,Ecologist Green Party of Mexico
5,/wiki/Green_conservatism,https://en.wikipedia.org/wiki/Independent_Greens_of_Virginia,Independent Greens of Virginia
5,/wiki/Green_conservatism,https://en.wikipedia.org/wiki/Green_Party_of_Hungary,Green Party of Hungary
5,/wiki/Green_conservatism,https://en.wikipedia.org/wiki/Greens_Greens,Greens Greens
5,/wiki/Green_left,https://en.wikipedia.org/wiki/Political_Party_of_Radicals,green
5,/wiki/Green_liberalism,https://en.wikipedia.org/wiki/Green_Liberal_Party_of_Switzerland,Green Liberal Party of Switzerland
5,/wiki/Green_liberalism,https://en.wikipedia.org/wiki/Thomas_Hill_Green,Thomas Hill Green
5,/wiki/Green_libertarianism,https://en.wikipedia.org/wiki/Green_to_Gold_(book),Green to Gold
5,/wiki/Asia_Pacific_Greens_Federation,https://en.wikipedia.org/wiki/Greens_Japan,Greens Japan
5,/wiki/Asia_Pacific_Greens_Federation,https://en.wikipedia.org/wiki/Green_Party_of_Aotearoa_New_Zealand,Green Party of Aotearoa New Zealand
5,/wiki/Asia_Pacific_Greens_Federation,https://en.wikipedia.org/wiki/Green_Party_Taiwan,Green Party Taiwan
5,/wiki/Asia_Pacific_Greens_Federation,https://en.wikipedia.org/wiki/Philippine_Greens,Philippine Greens
5,/wiki/European_Green_Party,https://en.wikipedia.org/wiki/Green_European_Foundation,Green European Foundation
5,/wiki/European_Green_Party,https://en.wikipedia.org/wiki/Greens%E2%80%93European_Free_Alliance,Greens–European Free Alliance
5,/wiki/European_Green_Party,https://en.wikipedia.org/wiki/The_Green_Group_in_the_European_Parliament,The Green Group in the European Parliament
5,/wiki/European_Green_Party,https://en.wikipedia.org/wiki/Green_Party_of_Albania,Green Party of Albania
5,/wiki/European_Green_Party,https://en.wikipedia.org/wiki/Greens_of_Andorra,Greens of Andorra
5,/wiki/European_Green_Party,https://en.wikipedia.org/wiki/The_Greens_%E2%80%93_The_Green_Alternative,The Greens – The Green Alternative
5,/wiki/European_Green_Party,https://en.wikipedia.org/wiki/Green_Party_of_Georgia,Green Party of Georgia
5,/wiki/European_Green_Party,https://en.wikipedia.org/wiki/Greens_(South_Tyrol),Greens
5,/wiki/European_Green_Party,https://en.wikipedia.org/wiki/The_Greens_(Luxembourg),The Greens
5,/wiki/European_Green_Party,https://en.wikipedia.org/wiki/Ecologist_Green_Party_(Moldova),Ecologist Green Party
5,/wiki/European_Green_Party,https://en.wikipedia.org/wiki/Green_Party_(Norway),Environmental Party The Greens
5,/wiki/European_Green_Party,https://en.wikipedia.org/wiki/The_Greens_(Poland),The Greens
5,/wiki/European_Green_Party,https://en.wikipedia.org/wiki/Green_Party_(Slovakia),Green Party
5,/wiki/European_Green_Party,https://en.wikipedia.org/wiki/Youth_Party_%E2%80%93_European_Greens,Youth Party – European Greens
5,/wiki/European_Green_Party,https://en.wikipedia.org/wiki/Green_Party_(Sweden),Environmental Party The Greens
5,/wiki/European_Green_Party,https://en.wikipedia.org/wiki/Party_of_Greens_of_Ukraine,Party of Greens of Ukraine
5,/wiki/European_Green_Party,https://en.wikipedia.org/wiki/European_United_Left%E2%80%93Nordic_Green_Left,European United Left–Nordic Green Left
5,/wiki/European_Green_Party,https://en.wikipedia.org/wiki/Rainbow_Greens,Rainbow Greens
5,/wiki/European_Green_Party,https://en.wikipedia.org/wiki/Green_Lists,Green Lists
5,/wiki/Federation_of_Green_Parties_of_Africa,https://en.wikipedia.org/wiki/Democratic_Green_Party_of_Rwanda,Democratic Green Party of Rwanda
5,/wiki/Federation_of_Young_European_Greens,https://en.wikipedia.org/wiki/Young_Green_(Flanders),Young Green
5,/wiki/Federation_of_Young_European_Greens,https://en.wikipedia.org/wiki/Young_Greens_of_England_and_Wales,Young Greens of England and Wales
5,/wiki/Federation_of_Young_European_Greens,https://en.wikipedia.org/wiki/Young_Greens_(Ireland),Young Greens
5,/wiki/Federation_of_Young_European_Greens,https://en.wikipedia.org/wiki/Scottish_Young_Greens,Young Greens
5,/wiki/Federation_of_Young_European_Greens,https://en.wikipedia.org/wiki/Czech_Young_Greens,Young Greens
5,/wiki/Federation_of_Young_European_Greens,https://en.wikipedia.org/wiki/Federation_of_Green_Youth_and_Students,Green Youth and Students League
5,/wiki/Global_Greens,https://en.wikipedia.org/wiki/Papua_New_Guinea_Greens,Papua New Guinea Greens
5,/wiki/Global_Greens,https://en.wikipedia.org/wiki/Green_Party_Korea,Green Party of Korea
5,/wiki/Global_Greens,https://en.wikipedia.org/wiki/Madagascar_Green_Party,Madagascar Green Party
5,/wiki/Global_Greens,https://en.wikipedia.org/wiki/Cartago_Green_Party,Cartago Green Party
5,/wiki/Iranian_Green_Movement,https://en.wikipedia.org/wiki/The_Green_Path_of_Hope,The Green Path of Hope
5,/wiki/Iranian_Green_Movement,https://en.wikipedia.org/wiki/The_Green_Scroll_Campaign,The Green Scroll Campaign
5,/wiki/Green_Party_of_Canada,https://en.wikipedia.org/wiki/Young_Greens_of_Canada,Young Greens of Canada
5,/wiki/Green_Party_of_Canada,https://en.wikipedia.org/wiki/History_of_the_Green_Party_of_Canada,History of the Green Party of Canada
5,/wiki/Green_Party_of_Canada,https://en.wikipedia.org/wiki/List_of_Green_politicians_who_have_held_office_in_Canada,List of Green politicians who have held office in Canada
5,/wiki/Green_Party_of_Canada,https://en.wikipedia.org/wiki/Green_Party_of_Manitoba,Green Party of Manitoba
5,/wiki/Green_Party_of_Canada,https://en.wikipedia.org/wiki/Green_Party_of_New_Brunswick,Green Party of New Brunswick
5,/wiki/Green_Party_of_Canada,https://en.wikipedia.org/wiki/Green_Party_of_Nova_Scotia,Green Party of Nova Scotia
5,/wiki/Green_Party_of_Canada,https://en.wikipedia.org/wiki/Green_Party_of_Prince_Edward_Island,Green Party of Prince Edward Island
5,/wiki/Green_Party_of_Canada,https://en.wikipedia.org/wiki/Green_Party_of_Quebec,Green Party of Quebec
5,/wiki/Green_Party_of_Canada,https://en.wikipedia.org/wiki/Green_Party_of_Saskatchewan,Green Party of Saskatchewan
5,/wiki/Green_Party_of_Canada,https://en.wikipedia.org/wiki/Yukon_Green_Party,Yukon Green Party
5,/wiki/Green_Party_of_Canada,https://en.wikipedia.org/wiki/Alberta_Greens,Alberta Greens
5,/wiki/Green_Party_of_Canada,https://en.wikipedia.org/wiki/Green_Party_of_Alberta,Green Party of Alberta
5,/wiki/Green_Party_of_Canada,https://en.wikipedia.org/wiki/Green_Party_of_Canada_leadership_elections,Green Party of Canada leadership elections
5,/wiki/Green_Party_of_Ontario,https://en.wikipedia.org/wiki/Green_Party_of_Ontario_leadership_election|_2009,Green Party of Ontario leadership election| 2009
5,/wiki/Green_Party_of_Ontario,https://en.wikipedia.org/wiki/List_of_Green_Party_of_Ontario_candidates,List of Green Party of Ontario candidates
5,/wiki/Green_League,https://en.wikipedia.org/wiki/The_People_%26_Planet_Green_League,The People & Planet Green League
5,/wiki/Australian_Greens,https://en.wikipedia.org/wiki/Australian_Young_Greens,Young Greens
5,/wiki/Australian_Greens,https://en.wikipedia.org/wiki/Tasmanian_Greens,Tasmanian Greens
5,/wiki/Australian_Greens,https://en.wikipedia.org/wiki/Hall_Greenland,Hall Greenland
5,/wiki/Australian_Greens,https://en.wikipedia.org/wiki/Greens_New_South_Wales,The Greens NSW
5,/wiki/Australian_Greens,https://en.wikipedia.org/wiki/Greens_Western_Australia,The Greens (WA)
5,/wiki/Australian_Greens,https://en.wikipedia.org/wiki/Queensland_Greens,Queensland Greens
5,/wiki/Australian_Greens,https://en.wikipedia.org/wiki/ACT_Greens,ACT Greens
5,/wiki/Australian_Greens,https://en.wikipedia.org/wiki/Australian_Greens_Victoria,Australian Greens Victoria
5,/wiki/Australian_Greens,https://en.wikipedia.org/wiki/Greens_South_Australia,Greens South Australia
5,/wiki/Australian_Greens,https://en.wikipedia.org/wiki/Northern_Territory_Greens,Northern Territory Greens
5,/wiki/Australian_Greens,https://en.wikipedia.org/wiki/Antony_Green,Green| Antony
5,/wiki/Australian_Greens,https://en.wikipedia.org/wiki/Australian_Greens_leadership_elections,Australian Greens leadership elections
5,/wiki/Australian_Greens,https://en.wikipedia.org/wiki/Australian_Greens_Front_Bench,Australian Greens Front Bench
5,/wiki/Outline_of_green_politics,https://en.wikipedia.org/wiki/Green_municipalism,Green municipalism
5,/wiki/Outline_of_green_politics,https://en.wikipedia.org/wiki/Green_Party_faction_(Bundestag),Green Party faction (Bundestag)
5,/wiki/Outline_of_green_politics,https://en.wikipedia.org/wiki/Mazingira_Green_Party_of_Kenya,Mazingira Green Party of Kenya
5,/wiki/Outline_of_green_politics,https://en.wikipedia.org/wiki/Rainbow_and_Greens,Rainbow and Greens
5,/wiki/Outline_of_green_politics,https://en.wikipedia.org/wiki/Green_Party_of_Malaysia,Green Party of Malaysia
5,/wiki/Outline_of_green_politics,https://en.wikipedia.org/wiki/Greens/Green_Party_USA,Greens/Green Party USA
5,/wiki/Outline_of_green_politics,https://en.wikipedia.org/wiki/Wild_Greens,Wild Greens
5,/wiki/Outline_of_green_politics,https://en.wikipedia.org/wiki/Gaian_Greens,Gaian Greens
5,/wiki/Outline_of_green_politics,https://en.wikipedia.org/wiki/Viridian_design_movement,Viridian Greens
5,/wiki/The_Greens_(Denmark),https://en.wikipedia.org/wiki/Greenland,Greenland
5,/wiki/The_Greens_(Denmark),https://en.wikipedia.org/wiki/Judiciary_of_Greenland,Courts of Greenland
5,/wiki/The_Greens_(Denmark),https://en.wikipedia.org/wiki/Administrative_divisions_of_Greenland,Subdivisions of Greenland
5,/wiki/The_Greens_(Denmark),https://en.wikipedia.org/wiki/Politics_of_Greenland,Politics of Greenland
5,/wiki/The_Greens_(Denmark),https://en.wikipedia.org/wiki/List_of_political_parties_in_Greenland,Greenland
5,/wiki/Alliance_90/The_Greens,https://en.wikipedia.org/wiki/East_German_Green_Party,GDR's Green Party
5,/wiki/Alliance_90/The_Greens,https://en.wikipedia.org/wiki/Green_Youth_(Germany),Green Youth (Germany)
5,/wiki/Alliance_90/The_Greens,https://en.wikipedia.org/wiki/List_of_German_Green_Party_politicians,List of German Green Party politicians
5,/wiki/Federation_of_the_Greens,https://en.wikipedia.org/wiki/Green_Italy_%E2%80%93_European_Greens,Green Italy – European Greens
5,/wiki/Federation_of_the_Greens,https://en.wikipedia.org/wiki/Alternative_Greens,Alternative Greens
5,/wiki/Green_Italy,https://en.wikipedia.org/wiki/Green_economy,green economy
5,/wiki/The_Greens_(Netherlands),https://en.wikipedia.org/wiki/Green_Progressive_Accord,Green Progressive Accord
5,/wiki/Russian_Ecological_Party_%22The_Greens%22,https://en.wikipedia.org/wiki/Green_Alliance_(Russia),Green Alliance
5,/wiki/Confederation_of_the_Greens,https://en.wikipedia.org/wiki/Green_List_(Spain),Green List
5,/wiki/Greenbelt_Park,https://en.wikipedia.org/wiki/Greenbrier_State_Park,Greenbrier
5,/wiki/Greenbelt_Park,https://en.wikipedia.org/wiki/Greenwell_State_Park,Greenwell
5,/wiki/Greenbelt_Park,https://en.wikipedia.org/wiki/Green_Ridge_State_Forest,Green Ridge
5,/wiki/Greenbelt_Park,https://en.wikipedia.org/wiki/Jonas_Green_State_Park,Jonas Green
5,/wiki/Greenbelt_station,https://en.wikipedia.org/wiki/Greensboro_station_(Washington_Metro),Greensboro
5,/wiki/Oxford_Green_Belt,https://en.wikipedia.org/wiki/Oxford_Green_Belt_Way,Oxford Green Belt Way
5,/wiki/Stoke-on-Trent_Green_Belt,https://en.wikipedia.org/wiki/Scholar_Green,Scholar Green
5,/wiki/East_River_Greenway,https://en.wikipedia.org/wiki/Andrew_Haswell_Green,Andrew Haswell Green
5,/wiki/Manhattan_Waterfront_Greenway,https://en.wikipedia.org/wiki/2017_New_York_City_truck_attack,attack on the Greenway on October 31| 2017
5,/wiki/Capital_Area_Greenbelt,https://en.wikipedia.org/wiki/Greene_River_Trail,Greene River
5,/wiki/East_Coast_Greenway,https://en.wikipedia.org/wiki/Farmington_Canal_Heritage_Trail,Farmington Canal Greenway
5,/wiki/East_Coast_Greenway,https://en.wikipedia.org/wiki/Blackstone_River_Greenway,Blackstone River Greenway
5,/wiki/East_Coast_Greenway,https://en.wikipedia.org/wiki/Middlesex_Greenway_(New_Jersey),Middlesex Greenway
5,/wiki/East_Coast_Greenway,https://en.wikipedia.org/wiki/Greenville|_North_Carolina,Greenville
5,/wiki/East_Coast_Greenway,https://en.wikipedia.org/wiki/West_Ashley_Greenway,West Ashley Greenway
5,/wiki/East_Coast_Greenway,https://en.wikipedia.org/wiki/Raritan_River_Greenway,Raritan River Greenway
5,/wiki/East_Coast_Greenway,https://en.wikipedia.org/wiki/Genesee_Valley_Greenway,Genesee Valley Greenway
5,/wiki/Lafitte_Greenway,https://en.wikipedia.org/wiki/Tulane_Green_Wave,Tulane Green Wave
5,/wiki/MillionMile_Greenway,https://en.wikipedia.org/wiki/Open_space_reserve,greenspace
5,/wiki/Ohlone_Greenway,https://en.wikipedia.org/wiki/Richmond_Greenway,Richmond Greenway
5,/wiki/Chrysler_Canada_Greenway,https://en.wikipedia.org/wiki/Cypher_Systems_Group_Greenway,Cypher Systems Group Greenway
5,/wiki/Cole_Green_Way,https://en.wikipedia.org/wiki/Cole_Green_railway_station,Cole Green railway station
5,/wiki/Cole_Green_Way,https://en.wikipedia.org/wiki/Letty_Green,Letty Green
5,/wiki/South_East_London_Green_Chain,https://en.wikipedia.org/wiki/Royal_Borough_of_Greenwich,Greenwich
5,/wiki/South_East_London_Green_Chain,https://en.wikipedia.org/wiki/Dollis_Valley_Greenwalk,Dollis Valley Greenwalk
5,/wiki/South_East_London_Green_Chain,https://en.wikipedia.org/wiki/Jubilee_Greenway,Jubilee Greenway
5,/wiki/Green_Township,_Hamilton_County,_Ohio,https://en.wikipedia.org/wiki/Nathanael_Greene,Nathanael Greene
5,/wiki/Greendale_High_School,https://en.wikipedia.org/wiki/Greendale_School_District,Greendale School District
5,/wiki/Greenfield,_Wisconsin,https://en.wikipedia.org/wiki/Greenfield_High_School_(Wisconsin),Greenfield High School
5,/wiki/Bowling_Green_(New_York_City),https://en.wikipedia.org/wiki/Bowling_green,bowling green
5,/wiki/Bowling_Green_(New_York_City),https://en.wikipedia.org/wiki/Bowling_Green_(IRT_Lexington_Avenue_Line),Bowling Green subway station
5,/wiki/Bowling_Green_(New_York_City),https://en.wikipedia.org/wiki/Madison_Green_(New_York_City),Madison Green
5,/wiki/Bowling_Green_(New_York_City),https://en.wikipedia.org/wiki/National_Register_of_Historic_Places_listings_in_Greene_County|_New_York,Greene
5,/wiki/Fort_Greene_Park,https://en.wikipedia.org/wiki/Fort_Greene|_Brooklyn,Fort Greene
5,/wiki/Amchitka_(album),https://en.wikipedia.org/wiki/Little_Green_(song),Little Green
5,/wiki/MV_Greenpeace,https://en.wikipedia.org/wiki/SS_Green_Mountain_State_(T-ACS-9),Green Mountain State
5,/wiki/Greenpeace_Aotearoa_New_Zealand,https://en.wikipedia.org/wiki/Sinking_of_the_Rainbow_Warrior,bombing of the Greenpeace ship the Rainbow Warrior
5,/wiki/Greenpeace_Australia_Pacific,https://en.wikipedia.org/wiki/Dorothy_Auchterlonie_Green,Dorothy Auchterlonie Green
5,/wiki/Greenpeace_Australia_Pacific,https://en.wikipedia.org/wiki/Greenhouse_Solutions_with_Sustainable_Energy,Greenhouse Solutions with Sustainable Energy
6,/wiki/Cecil_Howard_Green,https://en.wikipedia.org/wiki/Green_College|_University_of_British_Columbia,Green College
6,/wiki/Cecil_Howard_Green,https://en.wikipedia.org/wiki/Cecil_H._Green_Library,Cecil H. Green Library
6,/wiki/Cecil_Howard_Green,https://en.wikipedia.org/wiki/Green_Templeton_College|_Oxford,Green Templeton College
6,/wiki/Alan_Greenspan,https://en.wikipedia.org/wiki/Greenspan_put,Greenspan put
6,/wiki/Alan_Greenspan,https://en.wikipedia.org/wiki/Greenspan_Commission,Greenspan Commission
6,/wiki/Green_Car_of_the_Year,https://en.wikipedia.org/wiki/Green_Truck_of_the_Year,Green Truck of the Year
6,/wiki/Canada_Green_Building_Council,https://en.wikipedia.org/wiki/Canadian_Green_Building_Awards,Canadian Green Building Awards
6,/wiki/Green_Building_Council_of_Australia,https://en.wikipedia.org/wiki/Green_Star_(Australia),Green Star (Australia)
6,/wiki/Global_Green_USA,https://en.wikipedia.org/wiki/Green_Cross_International,Green Cross International
6,/wiki/Green_chemistry,https://en.wikipedia.org/wiki/Green_Chemistry_(journal),Green Chemistry (journal)
6,/wiki/Green_chemistry,https://en.wikipedia.org/wiki/California_Green_Chemistry_Initiative,California Green Chemistry Initiative
6,/wiki/Green_chemistry,https://en.wikipedia.org/wiki/Green_Chemistry_Letters_and_Reviews,Green Chemistry Letters and Reviews
6,/wiki/Green_chemistry,https://en.wikipedia.org/wiki/Green_engineering,green engineering
6,/wiki/Green_chemistry,https://en.wikipedia.org/wiki/Green_chemistry_metrics,Green chemistry metrics
6,/wiki/Green_Electronics_Council,https://en.wikipedia.org/wiki/Yale_School_of_Forestry_%26_Environmental_Studies,Yale Center for Green Chemistry and Engineering
6,/wiki/Green_information_system,https://en.wikipedia.org/wiki/Green_Information_Technology,Green Information Technology
6,/wiki/Environmentalism,https://en.wikipedia.org/wiki/Deep_Green_Resistance,Deep Green
6,/wiki/Environmentalism,https://en.wikipedia.org/wiki/Green_seniors,green seniors
6,/wiki/Environmentalism,https://en.wikipedia.org/wiki/Greening,Greening
6,/wiki/Environmentalism,https://en.wikipedia.org/wiki/Ecotax,Green tax shift
6,/wiki/List_of_green_political_parties,https://en.wikipedia.org/wiki/Green_Party_of_Bolivia,Green Party of Bolivia
6,/wiki/List_of_green_political_parties,https://en.wikipedia.org/wiki/Green_Ecologist_Party_(Chile),Green Ecologist Party
6,/wiki/List_of_green_political_parties,https://en.wikipedia.org/wiki/Egyptian_Green_Party,Egyptian Green Party
6,/wiki/List_of_green_political_parties,https://en.wikipedia.org/wiki/Green_Alternative_Ecologist_Party_of_Peru,Green Alternative Ecologist Party of Peru
6,/wiki/List_of_green_political_parties,https://en.wikipedia.org/wiki/List_of_state_Green_Parties_in_the_United_States,List of state Green Parties in the United States
6,/wiki/Green_Party_(UK),https://en.wikipedia.org/wiki/RAF_Greenham_Common,Greenham Common
6,/wiki/Green_Party_(UK),https://en.wikipedia.org/wiki/Wales_Green_Party,Wales Green Party
6,/wiki/Green_Party_(UK),https://en.wikipedia.org/wiki/History_of_the_Green_Party_of_England_and_Wales,History of the Green Party of England and Wales
6,/wiki/Green_Party_(UK),https://en.wikipedia.org/wiki/Green_2000,Green 2000
6,/wiki/Green_Party_(UK),https://en.wikipedia.org/wiki/Green_Left_(UK),Green Left
6,/wiki/Green_Party_of_Alaska,https://en.wikipedia.org/wiki/Green_National_Committee,Green National Committee
6,/wiki/Green_Party_of_Alaska,https://en.wikipedia.org/wiki/Green_Senatorial_Campaign_Committee,Green Senatorial Campaign Committee
6,/wiki/Green_Party_of_Alaska,https://en.wikipedia.org/wiki/Association_of_State_Green_Parties,Association of State Green Parties
6,/wiki/Green_Party_of_Lebanon,https://en.wikipedia.org/wiki/Natural_environment,green spaces
6,/wiki/Green_Party_of_England_and_Wales,https://en.wikipedia.org/wiki/Green_Party_of_England_and_Wales_leadership_election|_2018,Green Party of England and Wales leadership election| 2018
6,/wiki/Green_Party_of_England_and_Wales,https://en.wikipedia.org/wiki/Green_Party_of_England_and_Wales_election_results,Green Party of England and Wales election results
6,/wiki/Green_Party_of_England_and_Wales,https://en.wikipedia.org/wiki/London_Green_Party,Green (E&W)
6,/wiki/Scottish_Green_Party,https://en.wikipedia.org/wiki/Independent_Green_Voice,Independent Green Voice
6,/wiki/Green_Party_in_Northern_Ireland,https://en.wikipedia.org/wiki/Green_New_Deal,Green New Deal
6,/wiki/Green_Party_in_Northern_Ireland,https://en.wikipedia.org/wiki/Green_Party_(Ireland)_Front_Bench,Green Party Front Bench
6,/wiki/Green_Party_of_the_United_States,https://en.wikipedia.org/wiki/History_of_the_Green_Party_of_the_United_States,History of the Green Party of the United States
6,/wiki/Green_Party_of_the_United_States,https://en.wikipedia.org/wiki/List_of_Green_politicians_who_have_held_office_in_the_United_States,List of Green politicians who have held office in the United States
6,/wiki/Green_Party_of_the_United_States,https://en.wikipedia.org/wiki/Green_National_Convention,Green National Convention
6,/wiki/Green_Party_of_the_United_States,https://en.wikipedia.org/wiki/Green_Party_presidential_primaries|_2016,Green Party presidential primaries| 2016
6,/wiki/Green_Party_of_the_United_States,https://en.wikipedia.org/wiki/Greenback_Party,Greenback
6,/wiki/Green,https://en.wikipedia.org/wiki/Shades_of_green,shades of green
6,/wiki/Green,https://en.wikipedia.org/wiki/Malachite_green,Malachite green
6,/wiki/Green,https://en.wikipedia.org/wiki/Unique_hues,unique green
6,/wiki/Green,https://en.wikipedia.org/wiki/Chromium(III)_oxide,chrome green
6,/wiki/Green,https://en.wikipedia.org/wiki/Green_earth,Green earth
6,/wiki/Green,https://en.wikipedia.org/wiki/Cobalt_green,Cobalt green
6,/wiki/Green,https://en.wikipedia.org/wiki/Green_S,Green S
6,/wiki/Green,https://en.wikipedia.org/wiki/Micrommata_virescens,green huntsman spider
6,/wiki/Green,https://en.wikipedia.org/wiki/Green_cheese,green cheese
6,/wiki/Green,https://en.wikipedia.org/wiki/Green_in_Islam,Green in Islam
6,/wiki/Green,https://en.wikipedia.org/wiki/British_racing_green,British racing green
6,/wiki/Green,https://en.wikipedia.org/wiki/Four_Green_Steps,Four Green Steps
6,/wiki/Green,https://en.wikipedia.org/wiki/Midnight_green,Midnight green
6,/wiki/Green,https://en.wikipedia.org/wiki/Forest_green,Forest green
6,/wiki/Green,https://en.wikipedia.org/wiki/Jungle_green,Jungle green
6,/wiki/Green,https://en.wikipedia.org/wiki/Paris_green,Paris green
6,/wiki/Green,https://en.wikipedia.org/wiki/Persian_green,Persian green
6,/wiki/Green,https://en.wikipedia.org/wiki/Phthalocyanine_Green_G,Phthalo green
6,/wiki/Green,https://en.wikipedia.org/wiki/Reseda_green,Reseda green
6,/wiki/Green,https://en.wikipedia.org/wiki/Spring_green,Spring green
6,/wiki/Independent_Greens_of_Virginia,https://en.wikipedia.org/wiki/Green_Party_of_Virginia,Green Party of Virginia
6,/wiki/Green_Party_of_Hungary,https://en.wikipedia.org/wiki/Green_Alternative_(Hungary),Green Alternative
6,/wiki/Green_Party_of_Hungary,https://en.wikipedia.org/wiki/Hungarian_Social_Green_Party,Hungarian Social Green Party
6,/wiki/Greens_Greens,https://en.wikipedia.org/wiki/Federalist_Greens,Federalist Greens
6,/wiki/Green_Party_of_Aotearoa_New_Zealand,https://en.wikipedia.org/wiki/Young_Greens_of_Aotearoa_New_Zealand,Young Greens of Aotearoa New Zealand
6,/wiki/Greens%E2%80%93European_Free_Alliance,https://en.wikipedia.org/wiki/Groen_(political_party),Green
6,/wiki/Green_Party_of_Albania,https://en.wikipedia.org/wiki/Young_Greens_of_Albania,Young Greens of Albania
6,/wiki/The_Greens_(Luxembourg),https://en.wikipedia.org/wiki/Green_and_Liberal_Alliance,Green and Liberal Alliance
6,/wiki/Green_Party_(Norway),https://en.wikipedia.org/wiki/Young_Greens_of_Norway,Young Greens of Norway
6,/wiki/Green_Party_(Slovakia),https://en.wikipedia.org/wiki/Slovak_Green_Party,Slovak Green Party
6,/wiki/Party_of_Greens_of_Ukraine,https://en.wikipedia.org/wiki/Greens_(Ukraine),Greens (Ukraine)
6,/wiki/Green_Party_Korea,https://en.wikipedia.org/wiki/Korea_Greens,Korea Greens
6,/wiki/The_Green_Path_of_Hope,https://en.wikipedia.org/wiki/Green_Party_(Iran),Green Party
6,/wiki/List_of_Green_politicians_who_have_held_office_in_Canada,https://en.wikipedia.org/wiki/Green_Party_of_Vancouver,Green Party of Vancouver
6,/wiki/Green_Party_of_Prince_Edward_Island,https://en.wikipedia.org/wiki/Green_Party_of_Prince_Edward_Island_leadership_election|_2012,Green Party of Prince Edward Island leadership election| 2012
6,/wiki/Green_Party_of_Alberta,https://en.wikipedia.org/wiki/Green_Party_of_Alberta_leadership_election|_2018,Green Party of Alberta leadership election| 2018
6,/wiki/Green_Party_of_Canada_leadership_elections,https://en.wikipedia.org/wiki/Green_Party_of_Canada_leadership_election|_2006,Green Party of Canada leadership election| 2006
6,/wiki/Green_Party_of_Ontario_leadership_election,_2009,https://en.wikipedia.org/wiki/Green_Party_of_Ontario_leadership_elections,Green Party of Ontario leadership elections
6,/wiki/The_People_%26_Planet_Green_League,https://en.wikipedia.org/wiki/University_of_Greenwich,University of Greenwich
6,/wiki/Greens_New_South_Wales,https://en.wikipedia.org/wiki/Alex_Greenwich,Alex Greenwich
6,/wiki/Greens_New_South_Wales,https://en.wikipedia.org/wiki/Paul_Green_(Australian_politician),Paul Green
6,/wiki/Australian_Greens_Victoria,https://en.wikipedia.org/wiki/Danielle_Green,Danielle Green
6,/wiki/Viridian_design_movement,https://en.wikipedia.org/wiki/Viridian,shade of green
6,/wiki/Greenland,https://en.wikipedia.org/wiki/Greenlandic_language,Greenlandic
6,/wiki/Greenland,https://en.wikipedia.org/wiki/Greenlandic_Inuit,Greenlandic Inuit
6,/wiki/Greenland,https://en.wikipedia.org/wiki/Northeast_Greenland_National_Park,Northeast Greenland National Park
6,/wiki/Greenland,https://en.wikipedia.org/wiki/Naalakkersuisut,Greenlandic government
6,/wiki/Greenland,https://en.wikipedia.org/wiki/History_of_Greenland,History of Greenland
6,/wiki/Greenland,https://en.wikipedia.org/wiki/Greenland_in_World_War_II,Greenland in World War II
6,/wiki/Greenland,https://en.wikipedia.org/wiki/Economy_of_Greenland,Greenlandic trade
6,/wiki/Greenland,https://en.wikipedia.org/wiki/Greenlandic_independence,Greenlandic independence
6,/wiki/Greenland,https://en.wikipedia.org/wiki/University_of_Greenland,University of Greenland
6,/wiki/Greenland,https://en.wikipedia.org/wiki/Geography_of_Greenland,Geography of Greenland
6,/wiki/Greenland,https://en.wikipedia.org/wiki/Greenland_Sea,Greenland Sea
6,/wiki/Greenland,https://en.wikipedia.org/wiki/Greenland_ice_sheet,Greenland ice sheet
6,/wiki/Greenland,https://en.wikipedia.org/wiki/Greenland%27s_Grand_Canyon,Greenland's Grand Canyon
6,/wiki/Greenland,https://en.wikipedia.org/wiki/List_of_cities_and_towns_in_Greenland,towns and settlements of Greenland
6,/wiki/Greenland,https://en.wikipedia.org/wiki/Flora_and_fauna_of_Greenland,Flora and fauna of Greenland
6,/wiki/Greenland,https://en.wikipedia.org/wiki/Reindeer_hunting_in_Greenland,Reindeer hunting in Greenland
6,/wiki/Greenland,https://en.wikipedia.org/wiki/Fishing_industry_in_Greenland,Fishing industry in Greenland
6,/wiki/Greenland,https://en.wikipedia.org/wiki/West_Greenland_Current,West Greenland Current
6,/wiki/Greenland,https://en.wikipedia.org/wiki/Greenlandic_sheep,Greenlandic sheep
6,/wiki/Greenland,https://en.wikipedia.org/wiki/Bowhead_whale,Greenland whale
6,/wiki/Greenland,https://en.wikipedia.org/wiki/Greenland%E2%80%93European_Union_relations,Greenland–European Union relations
6,/wiki/Greenland,https://en.wikipedia.org/wiki/Royal_Greenland,Royal Greenland
6,/wiki/Greenland,https://en.wikipedia.org/wiki/Gemstone_industry_in_Greenland,Gemstone industry in Greenland
6,/wiki/Greenland,https://en.wikipedia.org/wiki/Transport_in_Greenland,Transport in Greenland
6,/wiki/Greenland,https://en.wikipedia.org/wiki/List_of_airports_in_Greenland,List of airports in Greenland
6,/wiki/Greenland,https://en.wikipedia.org/wiki/Air_Greenland,Air Greenland
6,/wiki/Greenland,https://en.wikipedia.org/wiki/Demographics_of_Greenland,Demographics of Greenland
6,/wiki/Greenland,https://en.wikipedia.org/wiki/List_of_Greenlanders,List of Greenlanders
6,/wiki/Greenland,https://en.wikipedia.org/wiki/Danish_people_in_Greenland,Greenland Danes
6,/wiki/Greenland,https://en.wikipedia.org/wiki/Greenlandic_people_in_Denmark,Greenlandic Inuit reside in the Danish Peninsula
6,/wiki/Greenland,https://en.wikipedia.org/wiki/Statistics_Greenland,Statistics Greenland
6,/wiki/Greenland,https://en.wikipedia.org/wiki/Religion_in_Greenland,Religion in Greenland
6,/wiki/Greenland,https://en.wikipedia.org/wiki/Bishop_of_Greenland,Bishop of Greenland
6,/wiki/Greenland,https://en.wikipedia.org/wiki/Suicide_in_Greenland,suicide in Greenland
6,/wiki/Greenland,https://en.wikipedia.org/wiki/Culture_of_Greenland,Culture of Greenland
6,/wiki/Greenland,https://en.wikipedia.org/wiki/Music_of_Greenland,Music of Greenland
6,/wiki/Greenland,https://en.wikipedia.org/wiki/Sport_in_Greenland,Sport in Greenland
6,/wiki/Greenland,https://en.wikipedia.org/wiki/Greenland_national_handball_team,Greenland's men's national team
6,/wiki/Greenland,https://en.wikipedia.org/wiki/Outline_of_Greenland,Outline of Greenland
6,/wiki/Greenland,https://en.wikipedia.org/wiki/Index_of_Greenland-related_articles,Index of Greenland-related articles
6,/wiki/Greenland,https://en.wikipedia.org/wiki/Tourism_in_Greenland,Greenlandic Tourist Board
6,/wiki/Greenland,https://en.wikipedia.org/wiki/Greenlandic_cuisine,Greenlandic
6,/wiki/Administrative_divisions_of_Greenland,https://en.wikipedia.org/wiki/Parliament_of_Greenland,Inatsisartut Parliament of Greenland
6,/wiki/Administrative_divisions_of_Greenland,https://en.wikipedia.org/wiki/North_Greenland,North Greenland
6,/wiki/Administrative_divisions_of_Greenland,https://en.wikipedia.org/wiki/South_Greenland,South Greenland
6,/wiki/Administrative_divisions_of_Greenland,https://en.wikipedia.org/wiki/Avannaa,Avannaa (North Greenland)
6,/wiki/Administrative_divisions_of_Greenland,https://en.wikipedia.org/wiki/Kitaa,Kitaa (West Greenland)
6,/wiki/Administrative_divisions_of_Greenland,https://en.wikipedia.org/wiki/Tunu,Tunu (East Greenland)
6,/wiki/Politics_of_Greenland,https://en.wikipedia.org/wiki/Greenlandic_general_election|_2018,Greenlandic general election| 2018
6,/wiki/Politics_of_Greenland,https://en.wikipedia.org/wiki/Danish_general_election|_2015,election Greenlandic results
6,/wiki/Politics_of_Greenland,https://en.wikipedia.org/wiki/High_Court_of_Greenland,High Court of Greenland
6,/wiki/Politics_of_Greenland,https://en.wikipedia.org/wiki/Elections_in_Greenland,Elections in Greenland
6,/wiki/Politics_of_Greenland,https://en.wikipedia.org/wiki/Foreign_relations_of_Greenland,Foreign relations of Greenland
6,/wiki/Green_economy,https://en.wikipedia.org/wiki/Green_accounting,Green accounting
6,/wiki/Green_economy,https://en.wikipedia.org/wiki/Green_trading,Green trading
6,/wiki/Green_economy,https://en.wikipedia.org/wiki/Green_job,Green job
6,/wiki/Green_economy,https://en.wikipedia.org/wiki/Green_paradox,Green paradox
6,/wiki/Green_economy,https://en.wikipedia.org/wiki/Green_growth,Green growth
6,/wiki/Green_economy,https://en.wikipedia.org/wiki/International_Journal_of_Green_Economics,International Journal of Green Economics
6,/wiki/Green_Progressive_Accord,https://en.wikipedia.org/wiki/Green_Party_of_the_Netherlands,Green Party of the Netherlands (GPN)
6,/wiki/Green_List_(Spain),https://en.wikipedia.org/wiki/Confederation_of_the_Greens_(1987),Confederation of the Greens
6,/wiki/Green_List_(Spain),https://en.wikipedia.org/wiki/Green_Alternative%E2%80%93Ecologist_Movement_of_Catalonia,Green Alternative–Ecologist Movement of Catalonia
6,/wiki/Jonas_Green_State_Park,https://en.wikipedia.org/wiki/Jonas_Green,Jonas Green
6,/wiki/Scholar_Green,https://en.wikipedia.org/wiki/All_Saints_Church|_Scholar_Green,All Saints Church| Scholar Green
6,/wiki/Scholar_Green,https://en.wikipedia.org/wiki/Crewe_Green,Crewe Green
6,/wiki/Andrew_Haswell_Green,https://en.wikipedia.org/wiki/Samuel_Fisk_Green,Samuel Fisk Green
6,/wiki/Andrew_Haswell_Green,https://en.wikipedia.org/wiki/Green_Island|_New_York,Green Island
6,/wiki/Greene_River_Trail,https://en.wikipedia.org/wiki/Greene_County|_Pennsylvania,Greene County
6,/wiki/Greene_River_Trail,https://en.wikipedia.org/wiki/Greenwood_Furnace_State_Park,Greenwood Furnace
6,/wiki/Farmington_Canal_Heritage_Trail,https://en.wikipedia.org/wiki/Still_River_Greenway,Still River Greenway
6,/wiki/Blackstone_River_Greenway,https://en.wikipedia.org/wiki/Greenways_Alliance_of_Rhode_Island,Greenways Alliance of Rhode Island
6,/wiki/Greenville,_North_Carolina,https://en.wikipedia.org/wiki/Greenville_Commercial_Historic_District_(Greenville|_North_Carolina),Greenville Commercial Historic District
6,/wiki/Greenville,_North_Carolina,https://en.wikipedia.org/wiki/Greenville_Tobacco_Warehouse_Historic_District,Greenville Tobacco Warehouse Historic District
6,/wiki/Greenville,_North_Carolina,https://en.wikipedia.org/wiki/Greenwreath,Greenwreath
6,/wiki/Greenville,_North_Carolina,https://en.wikipedia.org/wiki/Greenville_Mall,Greenville Mall
6,/wiki/Greenville,_North_Carolina,https://en.wikipedia.org/wiki/International_Broadcasting_Bureau_Greenville_Transmitting_Station,International Broadcasting Bureau Greenville Transmitting Station
6,/wiki/Greenville,_North_Carolina,https://en.wikipedia.org/wiki/Greensboro|_North_Carolina,Greensboro
6,/wiki/Greenville,_North_Carolina,https://en.wikipedia.org/wiki/Greene_County|_North_Carolina,Greene
6,/wiki/Raritan_River_Greenway,https://en.wikipedia.org/wiki/Holland_Brook,Holland Brook Greenway
6,/wiki/Genesee_Valley_Greenway,https://en.wikipedia.org/wiki/Green_Lakes_State_Park,Green Lakes
6,/wiki/Tulane_Green_Wave,https://en.wikipedia.org/wiki/Tulane_Green_Wave_baseball,Tulane Green Wave baseball
6,/wiki/Tulane_Green_Wave,https://en.wikipedia.org/wiki/Tulane_Green_Wave_men%27s_basketball,Tulane Green Wave men's basketball
6,/wiki/Tulane_Green_Wave,https://en.wikipedia.org/wiki/Tulane_Green_Wave_women%27s_basketball,Tulane Green Wave women's basketball
6,/wiki/Tulane_Green_Wave,https://en.wikipedia.org/wiki/Tulane_Green_Wave_football,Tulane Green Wave football
6,/wiki/Tulane_Green_Wave,https://en.wikipedia.org/wiki/2018_Tulane_Green_Wave_football_team,2018 Tulane Green Wave football team
6,/wiki/Open_space_reserve,https://en.wikipedia.org/wiki/Green_infrastructure,Green infrastructure
6,/wiki/Richmond_Greenway,https://en.wikipedia.org/wiki/Hilltop_Green|_Richmond|_California,Hilltop Green
6,/wiki/Cole_Green_railway_station,https://en.wikipedia.org/wiki/Cole_Green|_Hertfordshire,Cole Green
6,/wiki/Royal_Borough_of_Greenwich,https://en.wikipedia.org/wiki/Greenwich_London_Borough_Council,Greenwich London Borough Council
6,/wiki/Royal_Borough_of_Greenwich,https://en.wikipedia.org/wiki/Greenwich_and_Lewisham_(London_Assembly_constituency),Greenwich and Lewisham
6,/wiki/Royal_Borough_of_Greenwich,https://en.wikipedia.org/wiki/Greenwich,Greenwich
6,/wiki/Royal_Borough_of_Greenwich,https://en.wikipedia.org/wiki/Metropolitan_Borough_of_Greenwich,Metropolitan Borough of Greenwich
6,/wiki/Royal_Borough_of_Greenwich,https://en.wikipedia.org/wiki/Greenwich_Mean_Time,Greenwich Mean Time
6,/wiki/Royal_Borough_of_Greenwich,https://en.wikipedia.org/wiki/Greenwich_Park,Greenwich Park
6,/wiki/Royal_Borough_of_Greenwich,https://en.wikipedia.org/wiki/Coat_of_arms_of_the_Royal_Borough_of_Greenwich,Coat of arms of the Royal Borough of Greenwich
6,/wiki/Royal_Borough_of_Greenwich,https://en.wikipedia.org/wiki/Politics_of_Greenwich,Politics of Greenwich
6,/wiki/Royal_Borough_of_Greenwich,https://en.wikipedia.org/wiki/Greenwich_and_Woolwich_(UK_Parliament_constituency),Greenwich and Woolwich
6,/wiki/Royal_Borough_of_Greenwich,https://en.wikipedia.org/wiki/Greenwich_Community_College,Greenwich Community College
6,/wiki/Royal_Borough_of_Greenwich,https://en.wikipedia.org/wiki/Greenwich_Peninsula,Greenwich Peninsula
6,/wiki/Royal_Borough_of_Greenwich,https://en.wikipedia.org/wiki/Greenwich_Leisure_Limited,Greenwich Leisure Limited
6,/wiki/Royal_Borough_of_Greenwich,https://en.wikipedia.org/wiki/North_Greenwich_tube_station,North Greenwich
6,/wiki/Royal_Borough_of_Greenwich,https://en.wikipedia.org/wiki/Greenwich_Heritage_Centre,Greenwich Heritage Centre
6,/wiki/Royal_Borough_of_Greenwich,https://en.wikipedia.org/wiki/Greenwich_Free_School,Greenwich Free School
6,/wiki/Royal_Borough_of_Greenwich,https://en.wikipedia.org/wiki/Harris_Academy_Greenwich,Harris Academy Greenwich
6,/wiki/Royal_Borough_of_Greenwich,https://en.wikipedia.org/wiki/Royal_Greenwich_Trust_School,Royal Greenwich Trust School
6,/wiki/Royal_Borough_of_Greenwich,https://en.wikipedia.org/wiki/Greenwich_Dance,Greenwich Dance
6,/wiki/Royal_Borough_of_Greenwich,https://en.wikipedia.org/wiki/Greenwich_Theatre,Greenwich Theatre
6,/wiki/Royal_Borough_of_Greenwich,https://en.wikipedia.org/wiki/East_Greenwich_Pleasaunce,East Greenwich Pleasaunce
6,/wiki/Royal_Borough_of_Greenwich,https://en.wikipedia.org/wiki/Greenwich_Cemetery,Greenwich Cemetery
6,/wiki/Royal_Borough_of_Greenwich,https://en.wikipedia.org/wiki/Greenwich_foot_tunnel,Greenwich foot tunnel
6,/wiki/Royal_Borough_of_Greenwich,https://en.wikipedia.org/wiki/Greenwich_station,Greenwich
6,/wiki/Nathanael_Greene,https://en.wikipedia.org/wiki/List_of_places_named_for_Nathanael_Greene,named after Greene
6,/wiki/Nathanael_Greene,https://en.wikipedia.org/wiki/John_Greene_(settler),John Greene| Sr.
6,/wiki/Nathanael_Greene,https://en.wikipedia.org/wiki/USS_Nathanael_Greene_(SSBN-636),USS Nathanael Greene
6,/wiki/Nathanael_Greene,https://en.wikipedia.org/wiki/Greeneville|_Tennessee,Greeneville| Tennessee
6,/wiki/Nathanael_Greene,https://en.wikipedia.org/wiki/Greene_County|_Tennessee,Greene County| Tennessee
6,/wiki/Nathanael_Greene,https://en.wikipedia.org/wiki/Greenville|_South_Carolina,Greenville| South Carolina
6,/wiki/Nathanael_Greene,https://en.wikipedia.org/wiki/Greensburg|_Pennsylvania,Greensburg| Pennsylvania
6,/wiki/Nathanael_Greene,https://en.wikipedia.org/wiki/George_Washington_Greene,Greene| George W.
6,/wiki/Greenfield_High_School_(Wisconsin),https://en.wikipedia.org/wiki/Greenfield_School_District,Greenfield School District
6,/wiki/Bowling_green,https://en.wikipedia.org/wiki/Southampton_Old_Bowling_Green,Southampton Old Bowling Green
6,/wiki/Bowling_green,https://en.wikipedia.org/wiki/Crown_green_bowls,crown green bowls
6,/wiki/National_Register_of_Historic_Places_listings_in_Greene_County,_New_York,https://en.wikipedia.org/wiki/Greene_County|_New_York,Greene County| New York
6,/wiki/National_Register_of_Historic_Places_listings_in_Greene_County,_New_York,https://en.wikipedia.org/wiki/Greenville_(CDP)|_New_York,Greenville
6,/wiki/National_Register_of_Historic_Places_listings_in_Greene_County,_New_York,https://en.wikipedia.org/wiki/Greenville_Presbyterian_Church_(New_York),Greenville Presbyterian Church Complex
6,/wiki/National_Register_of_Historic_Places_listings_in_Greene_County,_New_York,https://en.wikipedia.org/wiki/Greenville_(town)|_New_York,Greenville
6,/wiki/Fort_Greene,_Brooklyn,https://en.wikipedia.org/wiki/Fort_Greene_Historic_District,Fort Greene Historic District
6,/wiki/Fort_Greene,_Brooklyn,https://en.wikipedia.org/wiki/Greenpoint|_Brooklyn,Greenpoint
6,/wiki/Fort_Greene,_Brooklyn,https://en.wikipedia.org/wiki/Greenwood_Heights|_Brooklyn,Greenwood Heights
